{"cameraMode":{"drawMode":0,"name":"Shaded","section":"Shading Mode"},"sceneLighting":true,"audioPlay":false,"sceneViewState":{"showFog":true,"showMaterialUpdate":false,"showSkybox":true,"showFlares":true,"showImageEffects":true,"showParticleSystems":true},"in2DMode":false,"pivot":{"x":-6.362062454223633,"y":-7.109163284301758,"z":-19.726806640625},"rotation":{"x":0.4084142744541168,"y":0.3424248695373535,"z":-0.16911599040031434,"w":0.8292235732078552},"size":45.220123291015628,"orthographic":false}