{"cameraMode":{"drawMode":0,"name":"Shaded","section":"Shading Mode"},"sceneLighting":false,"audioPlay":false,"sceneViewState":{"showFog":true,"showMaterialUpdate":false,"showSkybox":false,"showFlares":true,"showImageEffects":true,"showParticleSystems":true},"in2DMode":false,"pivot":{"x":-0.019008159637451173,"y":-1.1035072803497315,"z":-0.30609679222106936},"rotation":{"x":-0.13464710116386414,"y":-0.06030891463160515,"z":0.008210526779294014,"w":-0.9890232682228088},"size":2.700057029724121,"orthographic":false}