{"cameraMode":{"drawMode":0,"name":"Shaded","section":"Shading Mode"},"sceneLighting":true,"audioPlay":false,"sceneViewState":{"showFog":true,"showMaterialUpdate":false,"showSkybox":true,"showFlares":true,"showImageEffects":true,"showParticleSystems":true},"in2DMode":false,"pivot":{"x":160.5292510986328,"y":-27.641727447509767,"z":-383.4126281738281},"rotation":{"x":-0.2635958194732666,"y":0.15428200364112855,"z":-0.04276005178689957,"w":-0.9513044953346252},"size":70.917724609375,"orthographic":false}