{"cameraMode":{"drawMode":0,"name":"Shaded","section":"Shading Mode"},"sceneLighting":true,"audioPlay":false,"sceneViewState":{"showFog":true,"showMaterialUpdate":false,"showSkybox":true,"showFlares":true,"showImageEffects":true,"showParticleSystems":true},"in2DMode":false,"pivot":{"x":2.6894750595092775,"y":0.6351785659790039,"z":26.73150062561035},"rotation":{"x":0.05037491396069527,"y":0.008988073095679284,"z":-0.0004535373591352254,"w":0.998691976070404},"size":46.20079803466797,"orthographic":false}