{"cameraMode":{"drawMode":0,"name":"Shaded","section":"Shading Mode"},"sceneLighting":false,"audioPlay":false,"sceneViewState":{"showFog":true,"showMaterialUpdate":false,"showSkybox":false,"showFlares":true,"showImageEffects":true,"showParticleSystems":true},"in2DMode":false,"pivot":{"x":3.431128978729248,"y":-0.818934440612793,"z":11.851102828979493},"rotation":{"x":-0.13464710116386414,"y":-0.06030891463160515,"z":0.008210526779294014,"w":-0.9890232682228088},"size":25.04825782775879,"orthographic":false}