{"cameraMode":{"drawMode":0,"name":"Shaded","section":"Shading Mode"},"sceneLighting":true,"audioPlay":false,"sceneViewState":{"showFog":true,"showMaterialUpdate":false,"showSkybox":true,"showFlares":true,"showImageEffects":true,"showParticleSystems":true},"in2DMode":false,"pivot":{"x":177.4036407470703,"y":-1.4733314514160157,"z":-380.1376953125},"rotation":{"x":-0.12802685797214509,"y":-0.11843664944171906,"z":0.015400812029838562,"w":-0.9845606088638306},"size":34.841609954833987,"orthographic":false}