{"cameraMode":{"drawMode":0,"name":"Shaded","section":"Shading Mode"},"sceneLighting":true,"audioPlay":false,"sceneViewState":{"showFog":true,"showMaterialUpdate":false,"showSkybox":true,"showFlares":true,"showImageEffects":true,"showParticleSystems":true},"in2DMode":false,"pivot":{"x":-18.757644653320314,"y":7.070140838623047,"z":-19.66920280456543},"rotation":{"x":-0.4488544464111328,"y":0.0647728443145752,"z":-0.03264284133911133,"w":-0.8906567096710205},"size":11.275123596191407,"orthographic":false}