{"cameraMode":{"drawMode":0,"name":"Shaded","section":"Shading Mode"},"sceneLighting":true,"audioPlay":false,"sceneViewState":{"showFog":true,"showMaterialUpdate":false,"showSkybox":true,"showFlares":true,"showImageEffects":true,"showParticleSystems":true},"in2DMode":false,"pivot":{"x":-114.3414306640625,"y":-201.79730224609376,"z":502.80438232421877},"rotation":{"x":-0.2533060908317566,"y":0.12494854629039765,"z":-0.03301113843917847,"w":-0.9587225317955017},"size":700.583251953125,"orthographic":false}