{"cameraMode":{"drawMode":0,"name":"Shaded","section":"Shading Mode"},"sceneLighting":true,"audioPlay":false,"sceneViewState":{"showFog":true,"showMaterialUpdate":false,"showSkybox":true,"showFlares":true,"showImageEffects":true,"showParticleSystems":true},"in2DMode":false,"pivot":{"x":187.16232299804688,"y":-4.316784858703613,"z":-385.1830139160156},"rotation":{"x":-0.20371319353580476,"y":-0.5328941345214844,"z":0.13400423526763917,"w":-0.8103423118591309},"size":41.80865478515625,"orthographic":false}