{"cameraMode":{"drawMode":0,"name":"Shaded","section":"Shading Mode"},"sceneLighting":false,"audioPlay":false,"sceneViewState":{"showFog":true,"showMaterialUpdate":false,"showSkybox":false,"showFlares":true,"showImageEffects":true,"showParticleSystems":true},"in2DMode":false,"pivot":{"x":178.99758911132813,"y":73.19597625732422,"z":-413.11248779296877},"rotation":{"x":0.2624167799949646,"y":-0.0029623389709740879,"z":0.0007289283093996346,"w":0.9650552868843079},"size":1.9078223705291749,"orthographic":false}