{"cameraMode":{"drawMode":0,"name":"Shaded","section":"Shading Mode"},"sceneLighting":true,"audioPlay":false,"sceneViewState":{"showFog":true,"showMaterialUpdate":false,"showSkybox":true,"showFlares":true,"showImageEffects":true,"showParticleSystems":true},"in2DMode":false,"pivot":{"x":4.074687957763672,"y":135.8424530029297,"z":49.094261169433597},"rotation":{"x":-0.08001675456762314,"y":-0.5101079344749451,"z":0.0477365143597126,"w":-0.8550499081611633},"size":59.906497955322269,"orthographic":false}