{"cameraMode":{"drawMode":0,"name":"Shaded","section":"Shading Mode"},"sceneLighting":false,"audioPlay":false,"sceneViewState":{"showFog":true,"showMaterialUpdate":false,"showSkybox":false,"showFlares":true,"showImageEffects":true,"showParticleSystems":true},"in2DMode":false,"pivot":{"x":-19.600000381469728,"y":2.0648086071014406,"z":-7.300000190734863},"rotation":{"x":0.09348641335964203,"y":0.8999250531196594,"z":-0.2383371889591217,"w":0.3529835641384125},"size":22.906837463378908,"orthographic":false}