{"cameraMode":{"drawMode":0,"name":"Shaded","section":"Shading Mode"},"sceneLighting":false,"audioPlay":false,"sceneViewState":{"showFog":true,"showMaterialUpdate":false,"showSkybox":false,"showFlares":true,"showImageEffects":true,"showParticleSystems":true},"in2DMode":false,"pivot":{"x":0.2717404067516327,"y":0.5080890655517578,"z":0.10874485969543457},"rotation":{"x":-0.13464710116386414,"y":-0.06030891463160515,"z":0.008210526779294014,"w":-0.9890232682228088},"size":1.8000571727752686,"orthographic":false}