{"cameraMode":{"drawMode":0,"name":"Shaded","section":"Shading Mode"},"sceneLighting":false,"audioPlay":false,"sceneViewState":{"showFog":true,"showMaterialUpdate":false,"showSkybox":false,"showFlares":true,"showImageEffects":true,"showParticleSystems":true},"in2DMode":false,"pivot":{"x":0.06759357452392578,"y":-0.4210681915283203,"z":-0.2844104766845703},"rotation":{"x":-0.13464710116386414,"y":-0.06030891463160515,"z":0.008210526779294014,"w":-0.9890232682228088},"size":11.678897857666016,"orthographic":false}