{"cameraMode":{"drawMode":0,"name":"Shaded","section":"Shading Mode"},"sceneLighting":true,"audioPlay":false,"sceneViewState":{"showFog":true,"showMaterialUpdate":false,"showSkybox":true,"showFlares":true,"showImageEffects":true,"showParticleSystems":true},"in2DMode":false,"pivot":{"x":177.75888061523438,"y":-154.9884796142578,"z":-352.5804443359375},"rotation":{"x":-0.550387978553772,"y":0.04553331807255745,"z":-0.030077705159783365,"w":-0.8331288695335388},"size":233.54403686523438,"orthographic":false}