{"cameraMode":{"drawMode":0,"name":"Shaded","section":"Shading Mode"},"sceneLighting":true,"audioPlay":false,"sceneViewState":{"showFog":true,"showMaterialUpdate":false,"showSkybox":true,"showFlares":true,"showImageEffects":true,"showParticleSystems":true},"in2DMode":false,"pivot":{"x":-7.453029632568359,"y":-12.274530410766602,"z":-14.064580917358399},"rotation":{"x":0.39796727895736697,"y":-0.5281199216842651,"z":0.30689525604248049,"w":0.6846212148666382},"size":32.152713775634769,"orthographic":false}